participant_id	brocanto_corr	brocanto_incorr	brocanto_RT	brocanto_block
sub-pp133	1.0	0.0	2491.699999988079	1.0
sub-pp133	1.0	0.0	1980.899999976158	1.0
sub-pp133	1.0	0.0	2012.699999988079	1.0
sub-pp133	0.0	1.0	3498.899999976158	1.0
sub-pp133	1.0	0.0	3737.0	1.0
sub-pp133	1.0	0.0	4147.0	1.0
sub-pp133	1.0	0.0	1770.5	1.0
sub-pp133	0.0	1.0	2265.2999999523163	1.0
sub-pp133	1.0	0.0	3303.099999964237	1.0
sub-pp133	0.0	1.0	2607.0	1.0
sub-pp133	1.0	0.0	2030.0999999642368	1.0
sub-pp133	0.0	1.0	3402.0	1.0
sub-pp133	1.0	0.0	2112.399999976158	1.0
sub-pp133	1.0	0.0	2249.800000011921	1.0
sub-pp133	0.0	1.0	3564.800000011921	1.0
sub-pp133	1.0	0.0	2936.400000035763	1.0
sub-pp133	1.0	0.0	4089.300000011921	1.0
sub-pp133	0.0	1.0	4074.100000023842	1.0
sub-pp133	0.0	1.0	4584.699999988079	1.0
sub-pp133	0.0	1.0	5024.900000035763	1.0
sub-pp133	1.0	0.0	2366.399999976158	1.0
sub-pp133	1.0	0.0	4636.0	1.0
sub-pp133	1.0	0.0	2655.399999976158	1.0
sub-pp133	1.0	0.0	3260.300000011921	1.0
sub-pp133	1.0	0.0	3054.5	1.0
sub-pp133	1.0	0.0	2379.800000011921	1.0
sub-pp133	1.0	0.0	3606.900000035763	1.0
sub-pp133	1.0	0.0	2757.300000011921	1.0
sub-pp133	0.0	1.0	4926.699999988079	1.0
sub-pp133	1.0	0.0	4134.0	1.0
sub-pp133	0.0	1.0	3073.5	1.0
sub-pp133	1.0	0.0	3418.199999988079	1.0
sub-pp133	1.0	0.0	3120.899999976158	1.0
sub-pp133	0.0	1.0	4577.5	1.0
sub-pp133	1.0	0.0	4603.399999976158	1.0
sub-pp133	0.0	1.0	5056.399999976158	1.0
sub-pp133	1.0	0.0	3581.800000011921	1.0
sub-pp133	1.0	0.0	4022.899999976158	1.0
sub-pp133	1.0	0.0	2361.800000011921	1.0
sub-pp133	0.0	1.0	2320.100000023842	2.0
sub-pp133	1.0	0.0	2849.700000047684	2.0
sub-pp133	1.0	0.0	3271.399999976158	2.0
sub-pp133	1.0	0.0	2742.0	2.0
sub-pp133	0.0	1.0	2514.0	2.0
sub-pp133	1.0	0.0	2101.800000011921	2.0
sub-pp133	1.0	0.0	2452.199999988079	2.0
sub-pp133	1.0	0.0	2919.400000035763	2.0
sub-pp133	1.0	0.0	3847.0	2.0
sub-pp133	1.0	0.0	3250.300000011921	2.0
sub-pp133	1.0	0.0	2666.400000035763	2.0
sub-pp133	0.0	1.0	2472.100000023842	2.0
sub-pp133	1.0	0.0	2060.0	2.0
sub-pp133	1.0	0.0	2876.5	2.0
sub-pp133	1.0	0.0	3384.0	2.0
sub-pp133	1.0	0.0	2369.400000035763	2.0
sub-pp133	1.0	0.0	2419.5	2.0
sub-pp133	1.0	0.0	3753.600000023842	2.0
sub-pp133	1.0	0.0	3600.2999999523163	2.0
sub-pp133	0.0	1.0	2740.899999976158	2.0
sub-pp133	1.0	0.0	2592.600000023842	2.0
sub-pp133	0.0	1.0	5012.0	2.0
sub-pp133	1.0	0.0	3331.600000023842	2.0
sub-pp133	1.0	0.0	3399.300000011921	2.0
sub-pp133	1.0	0.0	3034.300000011921	2.0
sub-pp133	1.0	0.0	4166.100000023842	2.0
sub-pp133	1.0	0.0	2282.300000011921	2.0
sub-pp133	1.0	0.0	3720.100000023842	2.0
sub-pp133	1.0	0.0	2516.700000047684	2.0
sub-pp133	0.0	1.0	4331.300000011921	2.0
sub-pp133	1.0	0.0	3775.899999976158	2.0
sub-pp133	1.0	0.0	2338.5	2.0
sub-pp133	1.0	0.0	2694.900000035763	2.0
sub-pp133	1.0	0.0	3565.300000011921	2.0
sub-pp133	0.0	1.0	4747.5	2.0
sub-pp133	0.0	1.0	3565.699999988079	2.0
sub-pp133	1.0	0.0	3350.200000047684	2.0
sub-pp133	1.0	0.0	4439.900000035763	2.0
sub-pp133	1.0	0.0	4779.5	2.0
sub-pp133	1.0	0.0	2301.699999988079	2.0
sub-pp133	1.0	0.0	1993.4000000357628	3.0
sub-pp133	1.0	0.0	4001.399999976158	3.0
sub-pp133	1.0	0.0	2928.900000035763	3.0
sub-pp133	1.0	0.0	3309.099999964237	3.0
sub-pp133	1.0	0.0	2837.5	3.0
sub-pp133	1.0	0.0	3120.800000011921	3.0
sub-pp133	1.0	0.0	2904.899999976158	3.0
sub-pp133	1.0	0.0	3111.5	3.0
sub-pp133	1.0	0.0	1757.600000023842	3.0
sub-pp133	1.0	0.0	3714.199999988079	3.0
sub-pp133	1.0	0.0	4016.199999988079	3.0
sub-pp133	1.0	0.0	2017.2999999523165	3.0
sub-pp133	1.0	0.0	4438.5	3.0
sub-pp133	1.0	0.0	2901.800000011921	3.0
sub-pp133	1.0	0.0	2476.5	3.0
sub-pp133	1.0	0.0	3856.599999964237	3.0
sub-pp133	1.0	0.0	4632.300000011921	3.0
sub-pp133	1.0	0.0	3534.2999999523163	3.0
sub-pp133	1.0	0.0	2304.2999999523163	3.0
sub-pp133	1.0	0.0	3115.899999976158	3.0
sub-pp133	1.0	0.0	2341.800000011921	3.0
sub-pp133	1.0	0.0	3156.900000035763	3.0
sub-pp133	1.0	0.0	3541.399999976158	3.0
sub-pp133	1.0	0.0	3360.199999988079	3.0
sub-pp133	1.0	0.0	2122.0	3.0
sub-pp133	1.0	0.0	3381.300000011921	3.0
sub-pp133	1.0	0.0	3638.799999952316	3.0
sub-pp133	1.0	0.0	2507.5	3.0
sub-pp133	1.0	0.0	2352.599999964237	3.0
sub-pp133	1.0	0.0	4553.299999952316	3.0
sub-pp133	1.0	0.0	2242.599999964237	3.0
sub-pp133	1.0	0.0	2512.400000035763	3.0
sub-pp133	1.0	0.0	3716.300000011921	3.0
sub-pp133	1.0	0.0	4491.700000047684	3.0
sub-pp133	1.0	0.0	2803.899999976158	3.0
sub-pp133	1.0	0.0	2945.800000011921	3.0
sub-pp133	1.0	0.0	3352.400000035763	3.0
sub-pp133	1.0	0.0	2880.100000023842	3.0
sub-pp133	1.0	0.0	2304.099999964237	3.0
sub-pp133	1.0	0.0	2439.700000047684	3.0
