participant_id	hindi_corr	hindi_incorr	hindi_RT	hindi_block	display
sub-pp067	1.0	0.0	2212.4000000003725	1.0	train1_1
sub-pp067	1.0	0.0	2769.7999999988824	1.0	train1_1
sub-pp067	0.0	1.0	2698.9000000003725	1.0	train1_1
sub-pp067	0.0	1.0	1788.0999999996277	1.0	train1_1
sub-pp067	1.0	0.0	2027.300000000745	1.0	train1_1
sub-pp067	0.0	1.0	1210.300000000745	1.0	train1_1
sub-pp067	0.0	1.0	2957.0	1.0	train1_1
sub-pp067	1.0	0.0	2464.800000000745	1.0	train1_1
sub-pp067	0.0	1.0	1717.7999999988824	1.0	train1_1
sub-pp067	1.0	0.0	3065.7000000011176	1.0	train1_1
sub-pp067	0.0	1.0	1716.0	1.0	train1_1
sub-pp067	0.0	1.0	2537.5999999996275	1.0	train1_1
sub-pp067	0.0	1.0	3360.5999999996275	1.0	train1_1
sub-pp067	0.0	1.0	3171.0999999996275	1.0	train1_1
sub-pp067	1.0	0.0	1534.800000000745	1.0	train1_1
sub-pp067	1.0	0.0	2287.199999999255	1.0	train1_1
sub-pp067	1.0	0.0	1254.89999999851	1.0	train1_1
sub-pp067	1.0	0.0	1198.300000000745	1.0	train1_1
sub-pp067	0.0	1.0	2483.9000000003725	1.0	train1_1
sub-pp067	0.0	1.0	1945.2000000011176	2.0	train1_2
sub-pp067	1.0	0.0	1165.7999999988824	2.0	train1_2
sub-pp067	1.0	0.0	1708.5999999996277	2.0	train1_2
sub-pp067	1.0	0.0	981.4000000003724	2.0	train1_2
sub-pp067	1.0	0.0	2483.5	2.0	train1_2
sub-pp067	0.0	1.0	1162.2000000011176	2.0	train1_2
sub-pp067	0.0	1.0	2677.0999999996275	2.0	train1_2
sub-pp067	1.0	0.0	2027.199999999255	2.0	train1_2
sub-pp067	0.0	1.0	1832.8999999985097	2.0	train1_2
sub-pp067	1.0	0.0	2088.0	2.0	train1_2
sub-pp067	0.0	1.0	2041.2999999988824	2.0	train1_2
sub-pp067	0.0	1.0	3009.89999999851	2.0	train1_2
sub-pp067	1.0	0.0	1901.2999999988824	2.0	train1_2
sub-pp067	0.0	1.0	2349.199999999255	2.0	train1_2
sub-pp067	1.0	0.0	3189.699999999255	2.0	train1_2
sub-pp067	0.0	1.0	2551.199999999255	2.0	train1_2
sub-pp067	0.0	1.0	3041.4000000003725	2.0	train1_2
sub-pp067	1.0	0.0	1868.9000000003723	3.0	train1_3
sub-pp067	1.0	0.0	1075.7000000011176	3.0	train1_3
sub-pp067	1.0	0.0	1855.4000000003723	3.0	train1_3
sub-pp067	1.0	0.0	1594.5999999996277	3.0	train1_3
sub-pp067	1.0	0.0	1158.300000000745	3.0	train1_3
sub-pp067	1.0	0.0	1388.0	3.0	train1_3
sub-pp067	1.0	0.0	998.2999999988824	3.0	train1_3
sub-pp067	0.0	1.0	1314.4000000003723	3.0	train1_3
sub-pp067	1.0	0.0	760.6999999992549	3.0	train1_3
sub-pp067	1.0	0.0	1968.10000000149	3.0	train1_3
sub-pp067	0.0	1.0	1670.199999999255	3.0	train1_3
sub-pp067	0.0	1.0	1616.0	3.0	train1_3
sub-pp067	1.0	0.0	3130.5	3.0	train1_3
sub-pp067	1.0	0.0	2730.7000000011176	3.0	train1_3
sub-pp067	0.0	1.0	3167.7000000011176	3.0	train1_3
sub-pp067	0.0	1.0	2238.0	3.0	train1_3
sub-pp067	1.0	0.0	2686.9000000003725	4.0	train1_4
sub-pp067	0.0	1.0	2179.9000000003725	4.0	train1_4
sub-pp067	0.0	1.0	1514.4000000003723	4.0	train1_4
sub-pp067	0.0	1.0	695.6000000014901	4.0	train1_4
sub-pp067	1.0	0.0	1577.199999999255	4.0	train1_4
sub-pp067	1.0	0.0	885.5	4.0	train1_4
sub-pp067	1.0	0.0	989.5	4.0	train1_4
sub-pp067	1.0	0.0	1631.5999999996277	4.0	train1_4
sub-pp067	1.0	0.0	773.4000000003725	4.0	train1_4
sub-pp067	0.0	1.0	1599.0	4.0	train1_4
sub-pp067	0.0	1.0	1627.9000000003723	4.0	train1_4
sub-pp067	1.0	0.0	890.4000000003725	4.0	train1_4
sub-pp067	1.0	0.0	1330.5	4.0	train1_4
sub-pp067	0.0	1.0	1029.7000000011176	4.0	train1_4
sub-pp067	1.0	0.0	1922.800000000745	4.0	train1_4
sub-pp067	1.0	0.0	1048.0	4.0	train1_4
sub-pp067	0.0	1.0	1382.2999999988824	5.0	train1_5
sub-pp067	0.0	1.0	1383.0999999996277	5.0	train1_5
sub-pp067	1.0	0.0	3559.89999999851	5.0	train1_5
sub-pp067	0.0	1.0	1820.9000000003723	5.0	train1_5
sub-pp067	0.0	1.0	885.0	5.0	train1_5
sub-pp067	1.0	0.0	1061.4000000003723	5.0	train1_5
sub-pp067	1.0	0.0	1619.7999999988824	5.0	train1_5
sub-pp067	0.0	1.0	1659.5	5.0	train1_5
sub-pp067	1.0	0.0	916.3000000007452	5.0	train1_5
sub-pp067	1.0	0.0	1104.4000000003723	5.0	train1_5
sub-pp067	0.0	1.0	913.8000000007452	5.0	train1_5
sub-pp067	0.0	1.0	2097.300000000745	5.0	train1_5
sub-pp067	1.0	0.0	1099.5999999996277	5.0	train1_5
sub-pp067	0.0	1.0	940.5999999996276	5.0	train1_5
sub-pp067	0.0	1.0	2456.5	5.0	train1_5
sub-pp067	1.0	0.0	1325.5999999996277	6.0	train1_6
sub-pp067	1.0	0.0	1315.2000000011176	6.0	train1_6
sub-pp067	0.0	1.0	1599.4000000003723	6.0	train1_6
sub-pp067	1.0	0.0	1304.9000000003723	6.0	train1_6
sub-pp067	1.0	0.0	1374.5999999996277	6.0	train1_6
sub-pp067	1.0	0.0	2087.89999999851	6.0	train1_6
sub-pp067	0.0	1.0	1747.39999999851	6.0	train1_6
sub-pp067	0.0	1.0	1458.39999999851	6.0	train1_6
sub-pp067	0.0	1.0	2249.5	6.0	train1_6
sub-pp067	0.0	1.0	2763.699999999255	6.0	train1_6
sub-pp067	0.0	1.0	1711.2999999988824	6.0	train1_6
sub-pp067	0.0	1.0	1671.199999999255	6.0	train1_6
sub-pp067	0.0	1.0	828.0999999996275	6.0	train1_6
sub-pp067	0.0	1.0	1973.199999999255	7.0	train1_7
sub-pp067	1.0	0.0	2025.599999999628	7.0	train1_7
sub-pp067	0.0	1.0	980.8000000007452	7.0	train1_7
sub-pp067	1.0	0.0	2062.2999999988824	7.0	train1_7
sub-pp067	0.0	1.0	1633.5	7.0	train1_7
sub-pp067	0.0	1.0	2472.699999999255	7.0	train1_7
sub-pp067	1.0	0.0	960.9000000003724	7.0	train1_7
sub-pp067	1.0	0.0	743.4000000003725	7.0	train1_7
sub-pp067	0.0	1.0	800.4000000003725	7.0	train1_7
sub-pp067	1.0	0.0	887.0	7.0	train1_7
sub-pp067	1.0	0.0	872.7000000011176	7.0	train1_7
sub-pp067	1.0	0.0	1523.2000000011176	7.0	train1_7
sub-pp067	0.0	1.0	870.6000000014901	7.0	train1_7
sub-pp067	1.0	0.0	1440.0999999996277	7.0	train1_7
sub-pp067	1.0	0.0	1911.4000000003723	7.0	train1_7
sub-pp067	1.0	0.0	3672.900000000373	7.0	train1_7
sub-pp067	1.0	0.0	1067.699999999255	7.0	train1_7
sub-pp067	1.0	0.0	1147.39999999851	8.0	train1_8
sub-pp067	1.0	0.0	1411.300000000745	8.0	train1_8
sub-pp067	0.0	1.0	2357.300000000745	8.0	train1_8
sub-pp067	0.0	1.0	2268.300000000745	8.0	train1_8
sub-pp067	1.0	0.0	1771.2999999988824	8.0	train1_8
sub-pp067	1.0	0.0	1143.199999999255	8.0	train1_8
sub-pp067	1.0	0.0	1048.0	8.0	train1_8
sub-pp067	1.0	0.0	1266.4000000003723	8.0	train1_8
sub-pp067	1.0	0.0	993.3000000007452	8.0	train1_8
sub-pp067	1.0	0.0	1020.2000000011176	8.0	train1_8
sub-pp067	1.0	0.0	716.1000000014901	8.0	train1_8
sub-pp067	1.0	0.0	1106.2999999988824	8.0	train1_8
sub-pp067	0.0	1.0	1666.300000000745	8.0	train1_8
sub-pp067	0.0	1.0	2260.800000000745	8.0	train1_8
sub-pp067	0.0	1.0	1218.9000000003723	8.0	train1_8
sub-pp067	1.0	0.0	1170.699999999255	8.0	train1_8
sub-pp067	1.0	0.0	1053.9000000003723	8.0	train1_8
sub-pp067	1.0	0.0	1086.9000000003723	8.0	train1_8
sub-pp067	0.0	1.0	1108.0999999996277	9.0	train1_9
sub-pp067	0.0	1.0	1494.300000000745	9.0	train1_9
sub-pp067	1.0	0.0	1686.5	9.0	train1_9
sub-pp067	1.0	0.0	1485.9000000003723	9.0	train1_9
sub-pp067	1.0	0.0	1696.300000000745	9.0	train1_9
sub-pp067	1.0	0.0	1326.7000000011176	9.0	train1_9
sub-pp067	0.0	1.0	1406.5	9.0	train1_9
sub-pp067	0.0	1.0	1131.5	9.0	train1_9
sub-pp067	1.0	0.0	872.4000000003725	9.0	train1_9
sub-pp067	0.0	1.0	890.5	9.0	train1_9
sub-pp067	1.0	0.0	1134.4000000003723	9.0	train1_9
sub-pp067	1.0	0.0	948.0999999996276	9.0	train1_9
sub-pp067	0.0	1.0	977.2000000011176	9.0	train1_9
sub-pp067	1.0	0.0	2895.9000000003725	9.0	train1_9
sub-pp067	1.0	0.0	1600.7000000011176	9.0	train1_9
sub-pp067	1.0	0.0	1945.0	9.0	train1_9
sub-pp067	1.0	0.0	1716.199999999255	9.0	train1_9
sub-pp067	0.0	1.0	1066.0	9.0	train1_9
sub-pp067	1.0	0.0	1176.7999999988824	9.0	train1_9
sub-pp067	1.0	0.0	1082.5999999996277	9.0	train1_9
sub-pp067	1.0	0.0	1737.4000000003723	10.0	train1_10
sub-pp067	1.0	0.0	1872.5	10.0	train1_10
sub-pp067	1.0	0.0	1034.5	10.0	train1_10
sub-pp067	0.0	1.0	2359.7000000011176	10.0	train1_10
sub-pp067	0.0	1.0	2175.0	10.0	train1_10
sub-pp067	1.0	0.0	1117.699999999255	10.0	train1_10
sub-pp067	1.0	0.0	1236.4000000003723	10.0	train1_10
sub-pp067	1.0	0.0	932.0	10.0	train1_10
sub-pp067	1.0	0.0	766.4000000003725	10.0	train1_10
sub-pp067	1.0	0.0	808.5999999996275	10.0	train1_10
sub-pp067	1.0	0.0	775.0999999996275	10.0	train1_10
sub-pp067	1.0	0.0	628.2000000011176	10.0	train1_10
sub-pp067	1.0	0.0	585.1999999992549	10.0	train1_10
sub-pp067	1.0	0.0	692.0999999996275	10.0	train1_10
sub-pp067	1.0	0.0	761.1999999992549	10.0	train1_10
sub-pp067	1.0	0.0	503.80000000074506	10.0	train1_10
sub-pp067	1.0	0.0	811.0	10.0	train1_10
sub-pp067	1.0	0.0	690.0	10.0	train1_10
sub-pp067	1.0	0.0	653.3999999985099	10.0	train1_10
sub-pp067	1.0	0.0	617.9000000003725	10.0	train1_10
